column_name,description,data_type,notes
cases.case_id,Internal GDC case identifier (unique ID for this case within the GDC).,string,Definition per GDC Data Dictionary; see https://docs.gdc.cancer.gov/Data_Dictionary/viewer/ for full controlled vocab and allowed values.
cases.consent_type,Case-level metadata field defined in the GDC Cases entity.,string,Definition per GDC Data Dictionary; see https://docs.gdc.cancer.gov/Data_Dictionary/viewer/ for full controlled vocab and allowed values.
cases.days_to_consent,Case-level metadata field defined in the GDC Cases entity.,string,Definition per GDC Data Dictionary; see https://docs.gdc.cancer.gov/Data_Dictionary/viewer/ for full controlled vocab and allowed values.
cases.days_to_lost_to_followup,Days from index to lost-to-follow-up event.,integer (days),Definition per GDC Data Dictionary; see https://docs.gdc.cancer.gov/Data_Dictionary/viewer/ for full controlled vocab and allowed values.
cases.disease_type,"Recorded disease type for the case (e.g., 'Breast Invasive Carcinoma').",string,Definition per GDC Data Dictionary; see https://docs.gdc.cancer.gov/Data_Dictionary/viewer/ for full controlled vocab and allowed values.
cases.index_date,Index date for the case (often date of enrollment or first sample); format: YYYY-MM-DD.,date,Definition per GDC Data Dictionary; see https://docs.gdc.cancer.gov/Data_Dictionary/viewer/ for full controlled vocab and allowed values.
cases.lost_to_followup,Indicator whether the case was lost to follow-up.,boolean,Definition per GDC Data Dictionary; see https://docs.gdc.cancer.gov/Data_Dictionary/viewer/ for full controlled vocab and allowed values.
cases.primary_site,Primary anatomical site of the tumor as recorded by the submitter.,string,Definition per GDC Data Dictionary; see https://docs.gdc.cancer.gov/Data_Dictionary/viewer/ for full controlled vocab and allowed values.
cases.submitter_id,Submitter-provided case/patient barcode (links case to TCGA sample barcodes).,string,Definition per GDC Data Dictionary; see https://docs.gdc.cancer.gov/Data_Dictionary/viewer/ for full controlled vocab and allowed values.
demographic.age_at_index,Demographic attribute for the patient as defined in the GDC demographic entity.,string/categorical,Definition per GDC Data Dictionary; see https://docs.gdc.cancer.gov/Data_Dictionary/viewer/ for full controlled vocab and allowed values.
demographic.age_is_obfuscated,Flag indicating whether age has been obfuscated for privacy.,boolean,Definition per GDC Data Dictionary; see https://docs.gdc.cancer.gov/Data_Dictionary/viewer/ for full controlled vocab and allowed values.
demographic.cause_of_death,Cause of death as recorded in the medical record or death certificate.,string,Definition per GDC Data Dictionary; see https://docs.gdc.cancer.gov/Data_Dictionary/viewer/ for full controlled vocab and allowed values.
demographic.cause_of_death_source,"Source of cause-of-death information (e.g., death certificate, medical record).",string,Definition per GDC Data Dictionary; see https://docs.gdc.cancer.gov/Data_Dictionary/viewer/ for full controlled vocab and allowed values.
demographic.country_of_birth,Demographic attribute for the patient as defined in the GDC demographic entity.,string/categorical,Definition per GDC Data Dictionary; see https://docs.gdc.cancer.gov/Data_Dictionary/viewer/ for full controlled vocab and allowed values.
demographic.country_of_residence_at_enrollment,Demographic attribute for the patient as defined in the GDC demographic entity.,string/categorical,Definition per GDC Data Dictionary; see https://docs.gdc.cancer.gov/Data_Dictionary/viewer/ for full controlled vocab and allowed values.
demographic.days_to_birth,Number of days from index to birth (negative value used to compute age); alternate representation of birth date.,integer (days),Definition per GDC Data Dictionary; see https://docs.gdc.cancer.gov/Data_Dictionary/viewer/ for full controlled vocab and allowed values.
demographic.days_to_death,Number of days from index/diagnosis to death; used for survival analyses.,integer (days),Definition per GDC Data Dictionary; see https://docs.gdc.cancer.gov/Data_Dictionary/viewer/ for full controlled vocab and allowed values.
demographic.demographic_id,Internal identifier for the demographic record.,string,Definition per GDC Data Dictionary; see https://docs.gdc.cancer.gov/Data_Dictionary/viewer/ for full controlled vocab and allowed values.
demographic.education_level,Demographic attribute for the patient as defined in the GDC demographic entity.,string/categorical,Definition per GDC Data Dictionary; see https://docs.gdc.cancer.gov/Data_Dictionary/viewer/ for full controlled vocab and allowed values.
demographic.ethnicity,"Recorded ethnicity of the patient (e.g., Hispanic/Non‑Hispanic).",categorical,Definition per GDC Data Dictionary; see https://docs.gdc.cancer.gov/Data_Dictionary/viewer/ for full controlled vocab and allowed values.
demographic.gender,Recorded gender or sex of the patient.,categorical,Definition per GDC Data Dictionary; see https://docs.gdc.cancer.gov/Data_Dictionary/viewer/ for full controlled vocab and allowed values.
demographic.marital_status,Demographic attribute for the patient as defined in the GDC demographic entity.,string/categorical,Definition per GDC Data Dictionary; see https://docs.gdc.cancer.gov/Data_Dictionary/viewer/ for full controlled vocab and allowed values.
demographic.occupation_duration_years,Demographic attribute for the patient as defined in the GDC demographic entity.,string/categorical,Definition per GDC Data Dictionary; see https://docs.gdc.cancer.gov/Data_Dictionary/viewer/ for full controlled vocab and allowed values.
demographic.population_group,Demographic attribute for the patient as defined in the GDC demographic entity.,string/categorical,Definition per GDC Data Dictionary; see https://docs.gdc.cancer.gov/Data_Dictionary/viewer/ for full controlled vocab and allowed values.
demographic.premature_at_birth,Demographic attribute for the patient as defined in the GDC demographic entity.,string/categorical,Definition per GDC Data Dictionary; see https://docs.gdc.cancer.gov/Data_Dictionary/viewer/ for full controlled vocab and allowed values.
demographic.race,Recorded race of the patient (GDC categories).,categorical,Definition per GDC Data Dictionary; see https://docs.gdc.cancer.gov/Data_Dictionary/viewer/ for full controlled vocab and allowed values.
demographic.submitter_id,Demographic attribute for the patient as defined in the GDC demographic entity.,string/categorical,Definition per GDC Data Dictionary; see https://docs.gdc.cancer.gov/Data_Dictionary/viewer/ for full controlled vocab and allowed values.
demographic.vital_status,Patient vital status at last follow-up (Alive/Dead).,categorical,Definition per GDC Data Dictionary; see https://docs.gdc.cancer.gov/Data_Dictionary/viewer/ for full controlled vocab and allowed values.
demographic.weeks_gestation_at_birth,Demographic attribute for the patient as defined in the GDC demographic entity.,string/categorical,Definition per GDC Data Dictionary; see https://docs.gdc.cancer.gov/Data_Dictionary/viewer/ for full controlled vocab and allowed values.
demographic.year_of_birth,Year of birth (YYYY).,integer (YYYY),Definition per GDC Data Dictionary; see https://docs.gdc.cancer.gov/Data_Dictionary/viewer/ for full controlled vocab and allowed values.
demographic.year_of_death,Demographic attribute for the patient as defined in the GDC demographic entity.,string/categorical,Definition per GDC Data Dictionary; see https://docs.gdc.cancer.gov/Data_Dictionary/viewer/ for full controlled vocab and allowed values.
diagnoses.adrenal_hormone,Diagnosis / pathology / staging attribute defined in the GDC diagnoses entity. See GDC Data Dictionary for cancer-specific details.,string/categorical,Definition per GDC Data Dictionary; see https://docs.gdc.cancer.gov/Data_Dictionary/viewer/ for full controlled vocab and allowed values.
diagnoses.age_at_diagnosis,Age of the patient at initial diagnosis in complete years.,integer (years),Definition per GDC Data Dictionary; see https://docs.gdc.cancer.gov/Data_Dictionary/viewer/ for full controlled vocab and allowed values.
diagnoses.ajcc_clinical_m,Diagnosis / pathology / staging attribute defined in the GDC diagnoses entity. See GDC Data Dictionary for cancer-specific details.,string/categorical,Definition per GDC Data Dictionary; see https://docs.gdc.cancer.gov/Data_Dictionary/viewer/ for full controlled vocab and allowed values.
diagnoses.ajcc_clinical_n,Diagnosis / pathology / staging attribute defined in the GDC diagnoses entity. See GDC Data Dictionary for cancer-specific details.,string/categorical,Definition per GDC Data Dictionary; see https://docs.gdc.cancer.gov/Data_Dictionary/viewer/ for full controlled vocab and allowed values.
diagnoses.ajcc_clinical_stage,Diagnosis / pathology / staging attribute defined in the GDC diagnoses entity. See GDC Data Dictionary for cancer-specific details.,string/categorical,Definition per GDC Data Dictionary; see https://docs.gdc.cancer.gov/Data_Dictionary/viewer/ for full controlled vocab and allowed values.
diagnoses.ajcc_clinical_t,Diagnosis / pathology / staging attribute defined in the GDC diagnoses entity. See GDC Data Dictionary for cancer-specific details.,string/categorical,Definition per GDC Data Dictionary; see https://docs.gdc.cancer.gov/Data_Dictionary/viewer/ for full controlled vocab and allowed values.
diagnoses.ajcc_pathologic_m,"AJCC pathologic M category (distant metastasis), e.g., M0, M1.",categorical,Definition per GDC Data Dictionary; see https://docs.gdc.cancer.gov/Data_Dictionary/viewer/ for full controlled vocab and allowed values.
diagnoses.ajcc_pathologic_n,"AJCC pathologic N category (regional lymph node involvement), e.g., N0, N1.",categorical,Definition per GDC Data Dictionary; see https://docs.gdc.cancer.gov/Data_Dictionary/viewer/ for full controlled vocab and allowed values.
diagnoses.ajcc_pathologic_stage,"AJCC pathologic stage of tumor (pathology-based staging, e.g., Stage I, II, III, IV).",categorical,Definition per GDC Data Dictionary; see https://docs.gdc.cancer.gov/Data_Dictionary/viewer/ for full controlled vocab and allowed values.
diagnoses.ajcc_pathologic_t,"AJCC pathologic T category (tumor size/extent), e.g., T1, T2.",categorical,Definition per GDC Data Dictionary; see https://docs.gdc.cancer.gov/Data_Dictionary/viewer/ for full controlled vocab and allowed values.
diagnoses.ajcc_serum_tumor_markers,Diagnosis / pathology / staging attribute defined in the GDC diagnoses entity. See GDC Data Dictionary for cancer-specific details.,string/categorical,Definition per GDC Data Dictionary; see https://docs.gdc.cancer.gov/Data_Dictionary/viewer/ for full controlled vocab and allowed values.
diagnoses.ajcc_staging_system_edition,Diagnosis / pathology / staging attribute defined in the GDC diagnoses entity. See GDC Data Dictionary for cancer-specific details.,string/categorical,Definition per GDC Data Dictionary; see https://docs.gdc.cancer.gov/Data_Dictionary/viewer/ for full controlled vocab and allowed values.
diagnoses.ann_arbor_b_symptoms,Diagnosis / pathology / staging attribute defined in the GDC diagnoses entity. See GDC Data Dictionary for cancer-specific details.,string/categorical,Definition per GDC Data Dictionary; see https://docs.gdc.cancer.gov/Data_Dictionary/viewer/ for full controlled vocab and allowed values.
diagnoses.ann_arbor_b_symptoms_described,Diagnosis / pathology / staging attribute defined in the GDC diagnoses entity. See GDC Data Dictionary for cancer-specific details.,string/categorical,Definition per GDC Data Dictionary; see https://docs.gdc.cancer.gov/Data_Dictionary/viewer/ for full controlled vocab and allowed values.
diagnoses.ann_arbor_clinical_stage,Diagnosis / pathology / staging attribute defined in the GDC diagnoses entity. See GDC Data Dictionary for cancer-specific details.,string/categorical,Definition per GDC Data Dictionary; see https://docs.gdc.cancer.gov/Data_Dictionary/viewer/ for full controlled vocab and allowed values.
diagnoses.ann_arbor_extranodal_involvement,Diagnosis / pathology / staging attribute defined in the GDC diagnoses entity. See GDC Data Dictionary for cancer-specific details.,string/categorical,Definition per GDC Data Dictionary; see https://docs.gdc.cancer.gov/Data_Dictionary/viewer/ for full controlled vocab and allowed values.
diagnoses.ann_arbor_pathologic_stage,Diagnosis / pathology / staging attribute defined in the GDC diagnoses entity. See GDC Data Dictionary for cancer-specific details.,string/categorical,Definition per GDC Data Dictionary; see https://docs.gdc.cancer.gov/Data_Dictionary/viewer/ for full controlled vocab and allowed values.
diagnoses.best_overall_response,Diagnosis / pathology / staging attribute defined in the GDC diagnoses entity. See GDC Data Dictionary for cancer-specific details.,string/categorical,Definition per GDC Data Dictionary; see https://docs.gdc.cancer.gov/Data_Dictionary/viewer/ for full controlled vocab and allowed values.
diagnoses.burkitt_lymphoma_clinical_variant,Diagnosis / pathology / staging attribute defined in the GDC diagnoses entity. See GDC Data Dictionary for cancer-specific details.,string/categorical,Definition per GDC Data Dictionary; see https://docs.gdc.cancer.gov/Data_Dictionary/viewer/ for full controlled vocab and allowed values.
diagnoses.calgb_risk_group,Diagnosis / pathology / staging attribute defined in the GDC diagnoses entity. See GDC Data Dictionary for cancer-specific details.,string/categorical,Definition per GDC Data Dictionary; see https://docs.gdc.cancer.gov/Data_Dictionary/viewer/ for full controlled vocab and allowed values.
diagnoses.cancer_detection_method,Diagnosis / pathology / staging attribute defined in the GDC diagnoses entity. See GDC Data Dictionary for cancer-specific details.,string/categorical,Definition per GDC Data Dictionary; see https://docs.gdc.cancer.gov/Data_Dictionary/viewer/ for full controlled vocab and allowed values.
diagnoses.child_pugh_classification,Diagnosis / pathology / staging attribute defined in the GDC diagnoses entity. See GDC Data Dictionary for cancer-specific details.,string/categorical,Definition per GDC Data Dictionary; see https://docs.gdc.cancer.gov/Data_Dictionary/viewer/ for full controlled vocab and allowed values.
diagnoses.clark_level,Diagnosis / pathology / staging attribute defined in the GDC diagnoses entity. See GDC Data Dictionary for cancer-specific details.,string/categorical,Definition per GDC Data Dictionary; see https://docs.gdc.cancer.gov/Data_Dictionary/viewer/ for full controlled vocab and allowed values.
diagnoses.classification_of_tumor,Diagnosis / pathology / staging attribute defined in the GDC diagnoses entity. See GDC Data Dictionary for cancer-specific details.,string/categorical,Definition per GDC Data Dictionary; see https://docs.gdc.cancer.gov/Data_Dictionary/viewer/ for full controlled vocab and allowed values.
diagnoses.cog_liver_stage,Diagnosis / pathology / staging attribute defined in the GDC diagnoses entity. See GDC Data Dictionary for cancer-specific details.,string/categorical,Definition per GDC Data Dictionary; see https://docs.gdc.cancer.gov/Data_Dictionary/viewer/ for full controlled vocab and allowed values.
diagnoses.cog_neuroblastoma_risk_group,Diagnosis / pathology / staging attribute defined in the GDC diagnoses entity. See GDC Data Dictionary for cancer-specific details.,string/categorical,Definition per GDC Data Dictionary; see https://docs.gdc.cancer.gov/Data_Dictionary/viewer/ for full controlled vocab and allowed values.
diagnoses.cog_renal_stage,Diagnosis / pathology / staging attribute defined in the GDC diagnoses entity. See GDC Data Dictionary for cancer-specific details.,string/categorical,Definition per GDC Data Dictionary; see https://docs.gdc.cancer.gov/Data_Dictionary/viewer/ for full controlled vocab and allowed values.
diagnoses.cog_rhabdomyosarcoma_risk_group,Diagnosis / pathology / staging attribute defined in the GDC diagnoses entity. See GDC Data Dictionary for cancer-specific details.,string/categorical,Definition per GDC Data Dictionary; see https://docs.gdc.cancer.gov/Data_Dictionary/viewer/ for full controlled vocab and allowed values.
diagnoses.contiguous_organ_invaded,Diagnosis / pathology / staging attribute defined in the GDC diagnoses entity. See GDC Data Dictionary for cancer-specific details.,string/categorical,Definition per GDC Data Dictionary; see https://docs.gdc.cancer.gov/Data_Dictionary/viewer/ for full controlled vocab and allowed values.
diagnoses.days_to_best_overall_response,Diagnosis / pathology / staging attribute defined in the GDC diagnoses entity. See GDC Data Dictionary for cancer-specific details.,string/categorical,Definition per GDC Data Dictionary; see https://docs.gdc.cancer.gov/Data_Dictionary/viewer/ for full controlled vocab and allowed values.
diagnoses.days_to_diagnosis,Diagnosis / pathology / staging attribute defined in the GDC diagnoses entity. See GDC Data Dictionary for cancer-specific details.,string/categorical,Definition per GDC Data Dictionary; see https://docs.gdc.cancer.gov/Data_Dictionary/viewer/ for full controlled vocab and allowed values.
diagnoses.days_to_last_follow_up,Number of days from diagnosis to last follow-up.,integer (days),Definition per GDC Data Dictionary; see https://docs.gdc.cancer.gov/Data_Dictionary/viewer/ for full controlled vocab and allowed values.
diagnoses.days_to_last_known_disease_status,Diagnosis / pathology / staging attribute defined in the GDC diagnoses entity. See GDC Data Dictionary for cancer-specific details.,string/categorical,Definition per GDC Data Dictionary; see https://docs.gdc.cancer.gov/Data_Dictionary/viewer/ for full controlled vocab and allowed values.
diagnoses.days_to_recurrence,Days from diagnosis to recurrence of disease (if applicable).,integer (days),Definition per GDC Data Dictionary; see https://docs.gdc.cancer.gov/Data_Dictionary/viewer/ for full controlled vocab and allowed values.
diagnoses.diagnosis_id,Diagnosis / pathology / staging attribute defined in the GDC diagnoses entity. See GDC Data Dictionary for cancer-specific details.,string/categorical,Definition per GDC Data Dictionary; see https://docs.gdc.cancer.gov/Data_Dictionary/viewer/ for full controlled vocab and allowed values.
diagnoses.diagnosis_is_primary_disease,Diagnosis / pathology / staging attribute defined in the GDC diagnoses entity. See GDC Data Dictionary for cancer-specific details.,string/categorical,Definition per GDC Data Dictionary; see https://docs.gdc.cancer.gov/Data_Dictionary/viewer/ for full controlled vocab and allowed values.
diagnoses.double_expressor_lymphoma,Diagnosis / pathology / staging attribute defined in the GDC diagnoses entity. See GDC Data Dictionary for cancer-specific details.,string/categorical,Definition per GDC Data Dictionary; see https://docs.gdc.cancer.gov/Data_Dictionary/viewer/ for full controlled vocab and allowed values.
diagnoses.double_hit_lymphoma,Diagnosis / pathology / staging attribute defined in the GDC diagnoses entity. See GDC Data Dictionary for cancer-specific details.,string/categorical,Definition per GDC Data Dictionary; see https://docs.gdc.cancer.gov/Data_Dictionary/viewer/ for full controlled vocab and allowed values.
diagnoses.eln_risk_classification,Diagnosis / pathology / staging attribute defined in the GDC diagnoses entity. See GDC Data Dictionary for cancer-specific details.,string/categorical,Definition per GDC Data Dictionary; see https://docs.gdc.cancer.gov/Data_Dictionary/viewer/ for full controlled vocab and allowed values.
diagnoses.enneking_msts_grade,Diagnosis / pathology / staging attribute defined in the GDC diagnoses entity. See GDC Data Dictionary for cancer-specific details.,string/categorical,Definition per GDC Data Dictionary; see https://docs.gdc.cancer.gov/Data_Dictionary/viewer/ for full controlled vocab and allowed values.
diagnoses.enneking_msts_metastasis,Diagnosis / pathology / staging attribute defined in the GDC diagnoses entity. See GDC Data Dictionary for cancer-specific details.,string/categorical,Definition per GDC Data Dictionary; see https://docs.gdc.cancer.gov/Data_Dictionary/viewer/ for full controlled vocab and allowed values.
diagnoses.enneking_msts_stage,Diagnosis / pathology / staging attribute defined in the GDC diagnoses entity. See GDC Data Dictionary for cancer-specific details.,string/categorical,Definition per GDC Data Dictionary; see https://docs.gdc.cancer.gov/Data_Dictionary/viewer/ for full controlled vocab and allowed values.
diagnoses.enneking_msts_tumor_site,Diagnosis / pathology / staging attribute defined in the GDC diagnoses entity. See GDC Data Dictionary for cancer-specific details.,string/categorical,Definition per GDC Data Dictionary; see https://docs.gdc.cancer.gov/Data_Dictionary/viewer/ for full controlled vocab and allowed values.
Diagnoses.ensat_clinical_m,Diagnosis / pathology / staging attribute defined in the GDC diagnoses entity. See GDC Data Dictionary for cancer-specific details.,string/categorical,Definition per GDC Data Dictionary; see https://docs.gdc.cancer.gov/Data_Dictionary/viewer/ for full controlled vocab and allowed values.
diagnoses.ensat_pathologic_n,Diagnosis / pathology / staging attribute defined in the GDC diagnoses entity. See GDC Data Dictionary for cancer-specific details.,string/categorical,Definition per GDC Data Dictionary; see https://docs.gdc.cancer.gov/Data_Dictionary/viewer/ for full controlled vocab and allowed values.
diagnoses.ensat_pathologic_stage,Diagnosis / pathology / staging attribute defined in the GDC diagnoses entity. See GDC Data Dictionary for cancer-specific details.,string/categorical,Definition per GDC Data Dictionary; see https://docs.gdc.cancer.gov/Data_Dictionary/viewer/ for full controlled vocab and allowed values.
diagnoses.ensat_pathologic_t,Diagnosis / pathology / staging attribute defined in the GDC diagnoses entity. See GDC Data Dictionary for cancer-specific details.,string/categorical,Definition per GDC Data Dictionary; see https://docs.gdc.cancer.gov/Data_Dictionary/viewer/ for full controlled vocab and allowed values.
Diagnoses.esophageal_columnar_dysplasia_degree,Diagnosis / pathology / staging attribute defined in the GDC diagnoses entity. See GDC Data Dictionary for cancer-specific details.,string/categorical,Definition per GDC Data Dictionary; see https://docs.gdc.cancer.gov/Data_Dictionary/viewer/ for full controlled vocab and allowed values.
diagnoses.esophageal_columnar_metaplasia_present,Diagnosis / pathology / staging attribute defined in the GDC diagnoses entity. See GDC Data Dictionary for cancer-specific details.,string/categorical,Definition per GDC Data Dictionary; see https://docs.gdc.cancer.gov/Data_Dictionary/viewer/ for full controlled vocab and allowed values.
diagnoses.fab_morphology_code,Diagnosis / pathology / staging attribute defined in the GDC diagnoses entity. See GDC Data Dictionary for cancer-specific details.,string/categorical,Definition per GDC Data Dictionary; see https://docs.gdc.cancer.gov/Data_Dictionary/viewer/ for full controlled vocab and allowed values.
diagnoses.figo_stage,Diagnosis / pathology / staging attribute defined in the GDC diagnoses entity. See GDC Data Dictionary for cancer-specific details.,string/categorical,Definition per GDC Data Dictionary; see https://docs.gdc.cancer.gov/Data_Dictionary/viewer/ for full controlled vocab and allowed values.
diagnoses.figo_staging_edition_year,Diagnosis / pathology / staging attribute defined in the GDC diagnoses entity. See GDC Data Dictionary for cancer-specific details.,string/categorical,Definition per GDC Data Dictionary; see https://docs.gdc.cancer.gov/Data_Dictionary/viewer/ for full controlled vocab and allowed values.
Diagnoses.first_symptom_longest_duration,Diagnosis / pathology / staging attribute defined in the GDC diagnoses entity. See GDC Data Dictionary for cancer-specific details.,string/categorical,Definition per GDC Data Dictionary; see https://docs.gdc.cancer.gov/Data_Dictionary/viewer/ for full controlled vocab and allowed values.
diagnoses.first_symptom_prior_to_diagnosis,Diagnosis / pathology / staging attribute defined in the GDC diagnoses entity. See GDC Data Dictionary for cancer-specific details.,string/categorical,Definition per GDC Data Dictionary; see https://docs.gdc.cancer.gov/Data_Dictionary/viewer/ for full controlled vocab and allowed values.
diagnoses.gastric_esophageal_junction_involvement,Diagnosis / pathology / staging attribute defined in the GDC diagnoses entity. See GDC Data Dictionary for cancer-specific details.,string/categorical,Definition per GDC Data Dictionary; see https://docs.gdc.cancer.gov/Data_Dictionary/viewer/ for full controlled vocab and allowed values.
diagnoses.gleason_grade_group,Diagnosis / pathology / staging attribute defined in the GDC diagnoses entity. See GDC Data Dictionary for cancer-specific details.,string/categorical,Definition per GDC Data Dictionary; see https://docs.gdc.cancer.gov/Data_Dictionary/viewer/ for full controlled vocab and allowed values.
diagnoses.gleason_grade_tertiary,Diagnosis / pathology / staging attribute defined in the GDC diagnoses entity. See GDC Data Dictionary for cancer-specific details.,string/categorical,Definition per GDC Data Dictionary; see https://docs.gdc.cancer.gov/Data_Dictionary/viewer/ for full controlled vocab and allowed values.
diagnoses.gleason_patterns_percent,Diagnosis / pathology / staging attribute defined in the GDC diagnoses entity. See GDC Data Dictionary for cancer-specific details.,string/categorical,Definition per GDC Data Dictionary; see https://docs.gdc.cancer.gov/Data_Dictionary/viewer/ for full controlled vocab and allowed values.
diagnoses.gleason_score,Diagnosis / pathology / staging attribute defined in the GDC diagnoses entity. See GDC Data Dictionary for cancer-specific details.,string/categorical,Definition per GDC Data Dictionary; see https://docs.gdc.cancer.gov/Data_Dictionary/viewer/ for full controlled vocab and allowed values.
diagnoses.goblet_cells_columnar_mucosa_present,Diagnosis / pathology / staging attribute defined in the GDC diagnoses entity. See GDC Data Dictionary for cancer-specific details.,string/categorical,Definition per GDC Data Dictionary; see https://docs.gdc.cancer.gov/Data_Dictionary/viewer/ for full controlled vocab and allowed values.
diagnoses.icd_10_code,ICD‑10 code representing the diagnosis.,string,Definition per GDC Data Dictionary; see https://docs.gdc.cancer.gov/Data_Dictionary/viewer/ for full controlled vocab and allowed values.
diagnoses.igcccg_stage,Diagnosis / pathology / staging attribute defined in the GDC diagnoses entity. See GDC Data Dictionary for cancer-specific details.,string/categorical,Definition per GDC Data Dictionary; see https://docs.gdc.cancer.gov/Data_Dictionary/viewer/ for full controlled vocab and allowed values.
diagnoses.inpc_grade,Diagnosis / pathology / staging attribute defined in the GDC diagnoses entity. See GDC Data Dictionary for cancer-specific details.,string/categorical,Definition per GDC Data Dictionary; see https://docs.gdc.cancer.gov/Data_Dictionary/viewer/ for full controlled vocab and allowed values.
diagnoses.inpc_histologic_group,Diagnosis / pathology / staging attribute defined in the GDC diagnoses entity. See GDC Data Dictionary for cancer-specific details.,string/categorical,Definition per GDC Data Dictionary; see https://docs.gdc.cancer.gov/Data_Dictionary/viewer/ for full controlled vocab and allowed values.
diagnoses.inrg_stage,Diagnosis / pathology / staging attribute defined in the GDC diagnoses entity. See GDC Data Dictionary for cancer-specific details.,string/categorical,Definition per GDC Data Dictionary; see https://docs.gdc.cancer.gov/Data_Dictionary/viewer/ for full controlled vocab and allowed values.
diagnoses.inss_stage,Diagnosis / pathology / staging attribute defined in the GDC diagnoses entity. See GDC Data Dictionary for cancer-specific details.,string/categorical,Definition per GDC Data Dictionary; see https://docs.gdc.cancer.gov/Data_Dictionary/viewer/ for full controlled vocab and allowed values.
diagnoses.international_prognostic_index,Diagnosis / pathology / staging attribute defined in the GDC diagnoses entity. See GDC Data Dictionary for cancer-specific details.,string/categorical,Definition per GDC Data Dictionary; see https://docs.gdc.cancer.gov/Data_Dictionary/viewer/ for full controlled vocab and allowed values.
Diagnoses.irs_group,Diagnosis / pathology / staging attribute defined in the GDC diagnoses entity. See GDC Data Dictionary for cancer-specific details.,string/categorical,Definition per GDC Data Dictionary; see https://docs.gdc.cancer.gov/Data_Dictionary/viewer/ for full controlled vocab and allowed values.
Diagnoses.irs_stage,Diagnosis / pathology / staging attribute defined in the GDC diagnoses entity. See GDC Data Dictionary for cancer-specific details.,string/categorical,Definition per GDC Data Dictionary; see https://docs.gdc.cancer.gov/Data_Dictionary/viewer/ for full controlled vocab and allowed values.
diagnoses.ishak_fibrosis_score,Diagnosis / pathology / staging attribute defined in the GDC diagnoses entity. See GDC Data Dictionary for cancer-specific details.,string/categorical,Definition per GDC Data Dictionary; see https://docs.gdc.cancer.gov/Data_Dictionary/viewer/ for full controlled vocab and allowed values.
Diagnoses.iss_stage,Diagnosis / pathology / staging attribute defined in the GDC diagnoses entity. See GDC Data Dictionary for cancer-specific details.,string/categorical,Definition per GDC Data Dictionary; see https://docs.gdc.cancer.gov/Data_Dictionary/viewer/ for full controlled vocab and allowed values.
diagnoses.last_known_disease_status,"Most recently recorded disease status (e.g., 'With Tumor', 'Disease Free').",string,Definition per GDC Data Dictionary; see https://docs.gdc.cancer.gov/Data_Dictionary/viewer/ for full controlled vocab and allowed values.
diagnoses.laterality,Diagnosis / pathology / staging attribute defined in the GDC diagnoses entity. See GDC Data Dictionary for cancer-specific details.,string/categorical,Definition per GDC Data Dictionary; see https://docs.gdc.cancer.gov/Data_Dictionary/viewer/ for full controlled vocab and allowed values.
diagnoses.margin_distance,Diagnosis / pathology / staging attribute defined in the GDC diagnoses entity. See GDC Data Dictionary for cancer-specific details.,string/categorical,Definition per GDC Data Dictionary; see https://docs.gdc.cancer.gov/Data_Dictionary/viewer/ for full controlled vocab and allowed values.
diagnoses.margins_involved_site,Diagnosis / pathology / staging attribute defined in the GDC diagnoses entity. See GDC Data Dictionary for cancer-specific details.,string/categorical,Definition per GDC Data Dictionary; see https://docs.gdc.cancer.gov/Data_Dictionary/viewer/ for full controlled vocab and allowed values.
diagnoses.masaoka_stage,Diagnosis / pathology / staging attribute defined in the GDC diagnoses entity. See GDC Data Dictionary for cancer-specific details.,string/categorical,Definition per GDC Data Dictionary; see https://docs.gdc.cancer.gov/Data_Dictionary/viewer/ for full controlled vocab and allowed values.
diagnoses.max_tumor_bulk_site,Diagnosis / pathology / staging attribute defined in the GDC diagnoses entity. See GDC Data Dictionary for cancer-specific details.,string/categorical,Definition per GDC Data Dictionary; see https://docs.gdc.cancer.gov/Data_Dictionary/viewer/ for full controlled vocab and allowed values.
diagnoses.medulloblastoma_molecular_classification,Diagnosis / pathology / staging attribute defined in the GDC diagnoses entity. See GDC Data Dictionary for cancer-specific details.,string/categorical,Definition per GDC Data Dictionary; see https://docs.gdc.cancer.gov/Data_Dictionary/viewer/ for full controlled vocab and allowed values.
diagnoses.melanoma_known_primary,Diagnosis / pathology / staging attribute defined in the GDC diagnoses entity. See GDC Data Dictionary for cancer-specific details.,string/categorical,Definition per GDC Data Dictionary; see https://docs.gdc.cancer.gov/Data_Dictionary/viewer/ for full controlled vocab and allowed values.
diagnoses.metastasis_at_diagnosis,Indicator whether distant metastasis was present at diagnosis.,boolean/categorical,Definition per GDC Data Dictionary; see https://docs.gdc.cancer.gov/Data_Dictionary/viewer/ for full controlled vocab and allowed values.
diagnoses.metastasis_at_diagnosis_site,Diagnosis / pathology / staging attribute defined in the GDC diagnoses entity. See GDC Data Dictionary for cancer-specific details.,string/categorical,Definition per GDC Data Dictionary; see https://docs.gdc.cancer.gov/Data_Dictionary/viewer/ for full controlled vocab and allowed values.
diagnoses.method_of_diagnosis,Diagnosis / pathology / staging attribute defined in the GDC diagnoses entity. See GDC Data Dictionary for cancer-specific details.,string/categorical,Definition per GDC Data Dictionary; see https://docs.gdc.cancer.gov/Data_Dictionary/viewer/ for full controlled vocab and allowed values.
Diagnoses.micropapillary_features,Diagnosis / pathology / staging attribute defined in the GDC diagnoses entity. See GDC Data Dictionary for cancer-specific details.,string/categorical,Definition per GDC Data Dictionary; see https://docs.gdc.cancer.gov/Data_Dictionary/viewer/ for full controlled vocab and allowed values.
diagnoses.mitosis_karyorrhexis_index,Diagnosis / pathology / staging attribute defined in the GDC diagnoses entity. See GDC Data Dictionary for cancer-specific details.,string/categorical,Definition per GDC Data Dictionary; see https://docs.gdc.cancer.gov/Data_Dictionary/viewer/ for full controlled vocab and allowed values.
diagnoses.mitotic_count,Diagnosis / pathology / staging attribute defined in the GDC diagnoses entity. See GDC Data Dictionary for cancer-specific details.,string/categorical,Definition per GDC Data Dictionary; see https://docs.gdc.cancer.gov/Data_Dictionary/viewer/ for full controlled vocab and allowed values.
diagnoses.morphology,"Tumor morphology / histologic diagnosis (e.g., 'Invasive ductal carcinoma').",string,Definition per GDC Data Dictionary; see https://docs.gdc.cancer.gov/Data_Dictionary/viewer/ for full controlled vocab and allowed values.
diagnoses.ovarian_specimen_status,Diagnosis / pathology / staging attribute defined in the GDC diagnoses entity. See GDC Data Dictionary for cancer-specific details.,string/categorical,Definition per GDC Data Dictionary; see https://docs.gdc.cancer.gov/Data_Dictionary/viewer/ for full controlled vocab and allowed values.
Diagnoses.ovarian_surface_involvement,Diagnosis / pathology / staging attribute defined in the GDC diagnoses entity. See GDC Data Dictionary for cancer-specific details.,string/categorical,Definition per GDC Data Dictionary; see https://docs.gdc.cancer.gov/Data_Dictionary/viewer/ for full controlled vocab and allowed values.
diagnoses.papillary_renal_cell_type,Diagnosis / pathology / staging attribute defined in the GDC diagnoses entity. See GDC Data Dictionary for cancer-specific details.,string/categorical,Definition per GDC Data Dictionary; see https://docs.gdc.cancer.gov/Data_Dictionary/viewer/ for full controlled vocab and allowed values.
diagnoses.pediatric_kidney_staging,Diagnosis / pathology / staging attribute defined in the GDC diagnoses entity. See GDC Data Dictionary for cancer-specific details.,string/categorical,Definition per GDC Data Dictionary; see https://docs.gdc.cancer.gov/Data_Dictionary/viewer/ for full controlled vocab and allowed values.
diagnoses.peritoneal_fluid_cytological_status,Diagnosis / pathology / staging attribute defined in the GDC diagnoses entity. See GDC Data Dictionary for cancer-specific details.,string/categorical,Definition per GDC Data Dictionary; see https://docs.gdc.cancer.gov/Data_Dictionary/viewer/ for full controlled vocab and allowed values.
diagnoses.pregnant_at_diagnosis,Diagnosis / pathology / staging attribute defined in the GDC diagnoses entity. See GDC Data Dictionary for cancer-specific details.,string/categorical,Definition per GDC Data Dictionary; see https://docs.gdc.cancer.gov/Data_Dictionary/viewer/ for full controlled vocab and allowed values.
Diagnoses.primary_diagnosis,Diagnosis / pathology / staging attribute defined in the GDC diagnoses entity. See GDC Data Dictionary for cancer-specific details.,string/categorical,Definition per GDC Data Dictionary; see https://docs.gdc.cancer.gov/Data_Dictionary/viewer/ for full controlled vocab and allowed values.
diagnoses.primary_disease,Diagnosis / pathology / staging attribute defined in the GDC diagnoses entity. See GDC Data Dictionary for cancer-specific details.,string/categorical,Definition per GDC Data Dictionary; see https://docs.gdc.cancer.gov/Data_Dictionary/viewer/ for full controlled vocab and allowed values.
diagnoses.primary_gleason_grade,Diagnosis / pathology / staging attribute defined in the GDC diagnoses entity. See GDC Data Dictionary for cancer-specific details.,string/categorical,Definition per GDC Data Dictionary; see https://docs.gdc.cancer.gov/Data_Dictionary/viewer/ for full controlled vocab and allowed values.
Diagnoses.prior_malignancy,Diagnosis / pathology / staging attribute defined in the GDC diagnoses entity. See GDC Data Dictionary for cancer-specific details.,string/categorical,Definition per GDC Data Dictionary; see https://docs.gdc.cancer.gov/Data_Dictionary/viewer/ for full controlled vocab and allowed values.
diagnoses.prior_treatment,Diagnosis / pathology / staging attribute defined in the GDC diagnoses entity. See GDC Data Dictionary for cancer-specific details.,string/categorical,Definition per GDC Data Dictionary; see https://docs.gdc.cancer.gov/Data_Dictionary/viewer/ for full controlled vocab and allowed values.
diagnoses.progression_or_recurrence,Diagnosis / pathology / staging attribute defined in the GDC diagnoses entity. See GDC Data Dictionary for cancer-specific details.,string/categorical,Definition per GDC Data Dictionary; see https://docs.gdc.cancer.gov/Data_Dictionary/viewer/ for full controlled vocab and allowed values.
diagnoses.residual_disease,Diagnosis / pathology / staging attribute defined in the GDC diagnoses entity. See GDC Data Dictionary for cancer-specific details.,string/categorical,Definition per GDC Data Dictionary; see https://docs.gdc.cancer.gov/Data_Dictionary/viewer/ for full controlled vocab and allowed values.
diagnoses.satellite_nodule_present,Diagnosis / pathology / staging attribute defined in the GDC diagnoses entity. See GDC Data Dictionary for cancer-specific details.,string/categorical,Definition per GDC Data Dictionary; see https://docs.gdc.cancer.gov/Data_Dictionary/viewer/ for full controlled vocab and allowed values.
Diagnoses.secondary_gleason_grade,Diagnosis / pathology / staging attribute defined in the GDC diagnoses entity. See GDC Data Dictionary for cancer-specific details.,string/categorical,Definition per GDC Data Dictionary; see https://docs.gdc.cancer.gov/Data_Dictionary/viewer/ for full controlled vocab and allowed values.
Diagnoses.site_of_resection_or_biopsy,Diagnosis / pathology / staging attribute defined in the GDC diagnoses entity. See GDC Data Dictionary for cancer-specific details.,string/categorical,Definition per GDC Data Dictionary; see https://docs.gdc.cancer.gov/Data_Dictionary/viewer/ for full controlled vocab and allowed values.
Diagnoses.sites_of_involvement,Diagnosis / pathology / staging attribute defined in the GDC diagnoses entity. See GDC Data Dictionary for cancer-specific details.,string/categorical,Definition per GDC Data Dictionary; see https://docs.gdc.cancer.gov/Data_Dictionary/viewer/ for full controlled vocab and allowed values.
Diagnoses.sites_of_involvement_count,Diagnosis / pathology / staging attribute defined in the GDC diagnoses entity. See GDC Data Dictionary for cancer-specific details.,string/categorical,Definition per GDC Data Dictionary; see https://docs.gdc.cancer.gov/Data_Dictionary/viewer/ for full controlled vocab and allowed values.
diagnoses.submitter_id,Submitter-provided ID linking diagnosis record to case/sample.,string,Definition per GDC Data Dictionary; see https://docs.gdc.cancer.gov/Data_Dictionary/viewer/ for full controlled vocab and allowed values.
diagnoses.supratentorial_localization,Diagnosis / pathology / staging attribute defined in the GDC diagnoses entity. See GDC Data Dictionary for cancer-specific details.,string/categorical,Definition per GDC Data Dictionary; see https://docs.gdc.cancer.gov/Data_Dictionary/viewer/ for full controlled vocab and allowed values.
Diagnoses.synchronous_malignancy,Diagnosis / pathology / staging attribute defined in the GDC diagnoses entity. See GDC Data Dictionary for cancer-specific details.,string/categorical,Definition per GDC Data Dictionary; see https://docs.gdc.cancer.gov/Data_Dictionary/viewer/ for full controlled vocab and allowed values.
diagnoses.tissue_or_organ_of_origin,Diagnosis / pathology / staging attribute defined in the GDC diagnoses entity. See GDC Data Dictionary for cancer-specific details.,string/categorical,Definition per GDC Data Dictionary; see https://docs.gdc.cancer.gov/Data_Dictionary/viewer/ for full controlled vocab and allowed values.
diagnoses.tumor_burden,Diagnosis / pathology / staging attribute defined in the GDC diagnoses entity. See GDC Data Dictionary for cancer-specific details.,string/categorical,Definition per GDC Data Dictionary; see https://docs.gdc.cancer.gov/Data_Dictionary/viewer/ for full controlled vocab and allowed values.
Diagnoses.tumor_confined_to_organ_of_origin,Diagnosis / pathology / staging attribute defined in the GDC diagnoses entity. See GDC Data Dictionary for cancer-specific details.,string/categorical,Definition per GDC Data Dictionary; see https://docs.gdc.cancer.gov/Data_Dictionary/viewer/ for full controlled vocab and allowed values.
diagnoses.tumor_depth,Diagnosis / pathology / staging attribute defined in the GDC diagnoses entity. See GDC Data Dictionary for cancer-specific details.,string/categorical,Definition per GDC Data Dictionary; see https://docs.gdc.cancer.gov/Data_Dictionary/viewer/ for full controlled vocab and allowed values.
diagnoses.tumor_focality,Diagnosis / pathology / staging attribute defined in the GDC diagnoses entity. See GDC Data Dictionary for cancer-specific details.,string/categorical,Definition per GDC Data Dictionary; see https://docs.gdc.cancer.gov/Data_Dictionary/viewer/ for full controlled vocab and allowed values.
diagnoses.tumor_grade,Diagnosis / pathology / staging attribute defined in the GDC diagnoses entity. See GDC Data Dictionary for cancer-specific details.,string/categorical,Definition per GDC Data Dictionary; see https://docs.gdc.cancer.gov/Data_Dictionary/viewer/ for full controlled vocab and allowed values.
Diagnoses.tumor_grade_category,Diagnosis / pathology / staging attribute defined in the GDC diagnoses entity. See GDC Data Dictionary for cancer-specific details.,string/categorical,Definition per GDC Data Dictionary; see https://docs.gdc.cancer.gov/Data_Dictionary/viewer/ for full controlled vocab and allowed values.
diagnoses.tumor_of_origin,Diagnosis / pathology / staging attribute defined in the GDC diagnoses entity. See GDC Data Dictionary for cancer-specific details.,string/categorical,Definition per GDC Data Dictionary; see https://docs.gdc.cancer.gov/Data_Dictionary/viewer/ for full controlled vocab and allowed values.
diagnoses.tumor_regression_grade,Diagnosis / pathology / staging attribute defined in the GDC diagnoses entity. See GDC Data Dictionary for cancer-specific details.,string/categorical,Definition per GDC Data Dictionary; see https://docs.gdc.cancer.gov/Data_Dictionary/viewer/ for full controlled vocab and allowed values.
Diagnoses.uicc_clinical_m,Diagnosis / pathology / staging attribute defined in the GDC diagnoses entity. See GDC Data Dictionary for cancer-specific details.,string/categorical,Definition per GDC Data Dictionary; see https://docs.gdc.cancer.gov/Data_Dictionary/viewer/ for full controlled vocab and allowed values.
diagnoses.uicc_clinical_n,Diagnosis / pathology / staging attribute defined in the GDC diagnoses entity. See GDC Data Dictionary for cancer-specific details.,string/categorical,Definition per GDC Data Dictionary; see https://docs.gdc.cancer.gov/Data_Dictionary/viewer/ for full controlled vocab and allowed values.
Diagnoses.uicc_clinical_stage,Diagnosis / pathology / staging attribute defined in the GDC diagnoses entity. See GDC Data Dictionary for cancer-specific details.,string/categorical,Definition per GDC Data Dictionary; see https://docs.gdc.cancer.gov/Data_Dictionary/viewer/ for full controlled vocab and allowed values.
diagnoses.uicc_clinical_t,Diagnosis / pathology / staging attribute defined in the GDC diagnoses entity. See GDC Data Dictionary for cancer-specific details.,string/categorical,Definition per GDC Data Dictionary; see https://docs.gdc.cancer.gov/Data_Dictionary/viewer/ for full controlled vocab and allowed values.
diagnoses.uicc_pathologic_m,Diagnosis / pathology / staging attribute defined in the GDC diagnoses entity. See GDC Data Dictionary for cancer-specific details.,string/categorical,Definition per GDC Data Dictionary; see https://docs.gdc.cancer.gov/Data_Dictionary/viewer/ for full controlled vocab and allowed values.
Diagnoses.uicc_pathologic_n,Diagnosis / pathology / staging attribute defined in the GDC diagnoses entity. See GDC Data Dictionary for cancer-specific details.,string/categorical,Definition per GDC Data Dictionary; see https://docs.gdc.cancer.gov/Data_Dictionary/viewer/ for full controlled vocab and allowed values.
Diagnoses.uicc_pathologic_stage,Diagnosis / pathology / staging attribute defined in the GDC diagnoses entity. See GDC Data Dictionary for cancer-specific details.,string/categorical,Definition per GDC Data Dictionary; see https://docs.gdc.cancer.gov/Data_Dictionary/viewer/ for full controlled vocab and allowed values.
diagnoses.uicc_pathologic_t,Diagnosis / pathology / staging attribute defined in the GDC diagnoses entity. See GDC Data Dictionary for cancer-specific details.,string/categorical,Definition per GDC Data Dictionary; see https://docs.gdc.cancer.gov/Data_Dictionary/viewer/ for full controlled vocab and allowed values.
diagnoses.uicc_staging_system_edition,Diagnosis / pathology / staging attribute defined in the GDC diagnoses entity. See GDC Data Dictionary for cancer-specific details.,string/categorical,Definition per GDC Data Dictionary; see https://docs.gdc.cancer.gov/Data_Dictionary/viewer/ for full controlled vocab and allowed values.
Diagnoses.ulceration_indicator,Diagnosis / pathology / staging attribute defined in the GDC diagnoses entity. See GDC Data Dictionary for cancer-specific details.,string/categorical,Definition per GDC Data Dictionary; see https://docs.gdc.cancer.gov/Data_Dictionary/viewer/ for full controlled vocab and allowed values.
diagnoses.weiss_assessment_findings,Diagnosis / pathology / staging attribute defined in the GDC diagnoses entity. See GDC Data Dictionary for cancer-specific details.,string/categorical,Definition per GDC Data Dictionary; see https://docs.gdc.cancer.gov/Data_Dictionary/viewer/ for full controlled vocab and allowed values.
Diagnoses.weiss_assessment_score,Diagnosis / pathology / staging attribute defined in the GDC diagnoses entity. See GDC Data Dictionary for cancer-specific details.,string/categorical,Definition per GDC Data Dictionary; see https://docs.gdc.cancer.gov/Data_Dictionary/viewer/ for full controlled vocab and allowed values.
diagnoses.who_cns_grade,Diagnosis / pathology / staging attribute defined in the GDC diagnoses entity. See GDC Data Dictionary for cancer-specific details.,string/categorical,Definition per GDC Data Dictionary; see https://docs.gdc.cancer.gov/Data_Dictionary/viewer/ for full controlled vocab and allowed values.
diagnoses.who_nte_grade,Diagnosis / pathology / staging attribute defined in the GDC diagnoses entity. See GDC Data Dictionary for cancer-specific details.,string/categorical,Definition per GDC Data Dictionary; see https://docs.gdc.cancer.gov/Data_Dictionary/viewer/ for full controlled vocab and allowed values.
diagnoses.wilms_tumor_histologic_subtype,Diagnosis / pathology / staging attribute defined in the GDC diagnoses entity. See GDC Data Dictionary for cancer-specific details.,string/categorical,Definition per GDC Data Dictionary; see https://docs.gdc.cancer.gov/Data_Dictionary/viewer/ for full controlled vocab and allowed values.
Diagnoses.year_of_diagnosis,Diagnosis / pathology / staging attribute defined in the GDC diagnoses entity. See GDC Data Dictionary for cancer-specific details.,string/categorical,Definition per GDC Data Dictionary; see https://docs.gdc.cancer.gov/Data_Dictionary/viewer/ for full controlled vocab and allowed values.
